<?xml version="1.0" encoding="UTF-8" standalone="no"?><inbox><student idStudent="0"><nume>bibii</nume><grupa>831</grupa><email>bibiiii@gmail.com</email></student><student idStudent="&quot;&quot;"><nume>biancaa</nume><grupa>123</grupa><email>ana@gmai.com</email></student><student idStudent="1"><nume>a</nume><grupa>1</grupa><email>a</email></student><student idStudent="12"><nume>3</nume><grupa>9</grupa><email>4</email></student><student idStudent="1003"><nume>Mihai</nume><grupa>221</grupa><email>Mihai@yahoo.com</email></student><student idStudent="1002"><nume>Dia</nume><grupa>224</grupa><email>dia@yahoo.com</email></student><student idStudent="-3"><nume>bia</nume><grupa>1</grupa><email>s</email></student><student idStudent="1001"><nume>Arina</nume><grupa>222</grupa><email>arina@yahoo.com</email></student><student idStudent="7"><nume>Bianca Cionte</nume><grupa>831</grupa><email>cionte.bianca@gmail.com</email></student><student idStudent="98"><nume>    	</nume><grupa>9</grupa><email>kk</email></student></inbox>