<?xml version="1.0" encoding="UTF-8" standalone="no"?><inbox><nrTema nrTema="0"><descriere>labb assignn</descriere><deadline>5</deadline><primire>2</primire></nrTema><nrTema nrTema="1"><descriere>file repository</descriere><deadline>2</deadline><primire>1</primire></nrTema><nrTema nrTema="100"><descriere>Lab assignemnt 2</descriere><deadline>9</deadline><primire>6</primire></nrTema><nrTema nrTema="2"><descriere>laborator crud repo</descriere><deadline>3</deadline><primire>2</primire></nrTema><nrTema nrTema="101"><descriere>assignment</descriere><deadline>8</deadline><primire>6</primire></nrTema><nrTema nrTema="3"><descriere>abstract repository</descriere><deadline>4</deadline><primire>3</primire></nrTema><nrTema nrTema="4"><descriere>service+consola</descriere><deadline>6</deadline><primire>5</primire></nrTema><nrTema nrTema="15"><descriere>Lab assignment</descriere><deadline>5</deadline><primire>4</primire></nrTema><nrTema nrTema="5"><descriere>repo in fisier</descriere><deadline>7</deadline><primire>6</primire></nrTema><nrTema nrTema="16"><descriere>16</descriere><deadline>14</deadline><primire>10</primire></nrTema><nrTema nrTema="6"><descriere>adaugare nota</descriere><deadline>8</deadline><primire>7</primire></nrTema></inbox>