<?xml version="1.0" encoding="UTF-8" standalone="no"?><inbox><student idStudent="1"><nume>John Doe</nume><grupa>933</grupa><email>john.doe@example.com</email></student><student idStudent="200"><nume>Amalia</nume><grupa>504</grupa><email>amalia@gmail.com</email></student><student idStudent="201"><nume>Ina</nume><grupa>101</grupa><email>ina@example.com</email></student><student idStudent="202"><nume>Maia</nume><grupa>102</grupa><email>maia@example.com</email></student><student idStudent="203"><nume>Maria</nume><grupa>103</grupa><email>maria@example.com</email></student><student idStudent="204"><nume>Mariaa</nume><grupa>104</grupa><email>mariaa@example.com</email></student></inbox>